epoch,steps,Accuracy,Accuracy_Threshold,F1,F1_Threshold,Precision,Recall,Average_Precision
0,-1,0.6881661656190216,0.4734954237937927,0.7257569109258446,0.3569270968437195,0.6071953010279001,0.9018538713195202,0.7583692762391516
1,-1,0.7026509975403116,0.4687398374080658,0.7385984427141268,0.24915926158428192,0.623825629462608,0.9051254089422028,0.7765090135546358
2,-1,0.7018311013938234,0.3133445978164673,0.7397563676633444,0.061086222529411316,0.6229019022752704,0.910577971646674,0.7687434646353235
3,-1,0.7081169718502323,0.4718356430530548,0.7359267734553776,0.023697935044765472,0.6340694006309149,0.8767720828789531,0.7645757087429982
4,-1,0.7075703744192402,0.14758652448654175,0.7362020579981292,0.020697493106126785,0.6445536445536445,0.8582333696837514,0.758499752767559
